-- MySQL dump 10.13  Distrib 8.3.0, for Linux (x86_64)
--
-- Host: localhost    Database: guacamole_db
-- ------------------------------------------------------
-- Server version	8.3.0

/*!40101 SET @OLD_CHARACTER_SET_CLIENT=@@CHARACTER_SET_CLIENT */;
/*!40101 SET @OLD_CHARACTER_SET_RESULTS=@@CHARACTER_SET_RESULTS */;
/*!40101 SET @OLD_COLLATION_CONNECTION=@@COLLATION_CONNECTION */;
/*!50503 SET NAMES utf8mb4 */;
/*!40103 SET @OLD_TIME_ZONE=@@TIME_ZONE */;
/*!40103 SET TIME_ZONE='+00:00' */;
/*!40014 SET @OLD_UNIQUE_CHECKS=@@UNIQUE_CHECKS, UNIQUE_CHECKS=0 */;
/*!40014 SET @OLD_FOREIGN_KEY_CHECKS=@@FOREIGN_KEY_CHECKS, FOREIGN_KEY_CHECKS=0 */;
/*!40101 SET @OLD_SQL_MODE=@@SQL_MODE, SQL_MODE='NO_AUTO_VALUE_ON_ZERO' */;
/*!40111 SET @OLD_SQL_NOTES=@@SQL_NOTES, SQL_NOTES=0 */;

--
-- Table structure for table `guacamole_connection`
--

CREATE DATABASE IF NOT EXISTS `guacamole_db`;
USE `guacamole_db`;

DROP TABLE IF EXISTS `guacamole_connection`;
/*!40101 SET @saved_cs_client     = @@character_set_client */;
/*!50503 SET character_set_client = utf8mb4 */;
CREATE TABLE `guacamole_connection` (
  `connection_id` int NOT NULL AUTO_INCREMENT,
  `connection_name` varchar(128) NOT NULL,
  `parent_id` int DEFAULT NULL,
  `protocol` varchar(32) NOT NULL,
  `proxy_port` int DEFAULT NULL,
  `proxy_hostname` varchar(512) DEFAULT NULL,
  `proxy_encryption_method` enum('NONE','SSL') DEFAULT NULL,
  `max_connections` int DEFAULT NULL,
  `max_connections_per_user` int DEFAULT NULL,
  `connection_weight` int DEFAULT NULL,
  `failover_only` tinyint(1) NOT NULL DEFAULT '0',
  PRIMARY KEY (`connection_id`),
  UNIQUE KEY `connection_name_parent` (`connection_name`,`parent_id`),
  KEY `guacamole_connection_ibfk_1` (`parent_id`),
  CONSTRAINT `guacamole_connection_ibfk_1` FOREIGN KEY (`parent_id`) REFERENCES `guacamole_connection_group` (`connection_group_id`) ON DELETE CASCADE
) ENGINE=InnoDB AUTO_INCREMENT=11 DEFAULT CHARSET=utf8mb3;
/*!40101 SET character_set_client = @saved_cs_client */;

--
-- Dumping data for table `guacamole_connection`
--

LOCK TABLES `guacamole_connection` WRITE;
/*!40000 ALTER TABLE `guacamole_connection` DISABLE KEYS */;
INSERT INTO `guacamole_connection` VALUES (3,'Nebula RDP host (1)',NULL,'nebulardp',NULL,NULL,NULL,NULL,NULL,NULL,0),(5,'Nebula RDP host (2)',NULL,'nebulardp',NULL,NULL,NULL,NULL,NULL,NULL,0),(10,'Nebula SSH',NULL,'nebulassh',NULL,NULL,NULL,NULL,NULL,NULL,0);
/*!40000 ALTER TABLE `guacamole_connection` ENABLE KEYS */;
UNLOCK TABLES;

--
-- Table structure for table `guacamole_connection_attribute`
--

DROP TABLE IF EXISTS `guacamole_connection_attribute`;
/*!40101 SET @saved_cs_client     = @@character_set_client */;
/*!50503 SET character_set_client = utf8mb4 */;
CREATE TABLE `guacamole_connection_attribute` (
  `connection_id` int NOT NULL,
  `attribute_name` varchar(128) NOT NULL,
  `attribute_value` varchar(4096) NOT NULL,
  PRIMARY KEY (`connection_id`,`attribute_name`),
  KEY `connection_id` (`connection_id`),
  CONSTRAINT `guacamole_connection_attribute_ibfk_1` FOREIGN KEY (`connection_id`) REFERENCES `guacamole_connection` (`connection_id`) ON DELETE CASCADE
) ENGINE=InnoDB DEFAULT CHARSET=utf8mb3;
/*!40101 SET character_set_client = @saved_cs_client */;

--
-- Dumping data for table `guacamole_connection_attribute`
--

LOCK TABLES `guacamole_connection_attribute` WRITE;
/*!40000 ALTER TABLE `guacamole_connection_attribute` DISABLE KEYS */;
/*!40000 ALTER TABLE `guacamole_connection_attribute` ENABLE KEYS */;
UNLOCK TABLES;

--
-- Table structure for table `guacamole_connection_group`
--

DROP TABLE IF EXISTS `guacamole_connection_group`;
/*!40101 SET @saved_cs_client     = @@character_set_client */;
/*!50503 SET character_set_client = utf8mb4 */;
CREATE TABLE `guacamole_connection_group` (
  `connection_group_id` int NOT NULL AUTO_INCREMENT,
  `parent_id` int DEFAULT NULL,
  `connection_group_name` varchar(128) NOT NULL,
  `type` enum('ORGANIZATIONAL','BALANCING') NOT NULL DEFAULT 'ORGANIZATIONAL',
  `max_connections` int DEFAULT NULL,
  `max_connections_per_user` int DEFAULT NULL,
  `enable_session_affinity` tinyint(1) NOT NULL DEFAULT '0',
  PRIMARY KEY (`connection_group_id`),
  UNIQUE KEY `connection_group_name_parent` (`connection_group_name`,`parent_id`),
  KEY `guacamole_connection_group_ibfk_1` (`parent_id`),
  CONSTRAINT `guacamole_connection_group_ibfk_1` FOREIGN KEY (`parent_id`) REFERENCES `guacamole_connection_group` (`connection_group_id`) ON DELETE CASCADE
) ENGINE=InnoDB DEFAULT CHARSET=utf8mb3;
/*!40101 SET character_set_client = @saved_cs_client */;

--
-- Dumping data for table `guacamole_connection_group`
--

LOCK TABLES `guacamole_connection_group` WRITE;
/*!40000 ALTER TABLE `guacamole_connection_group` DISABLE KEYS */;
/*!40000 ALTER TABLE `guacamole_connection_group` ENABLE KEYS */;
UNLOCK TABLES;

--
-- Table structure for table `guacamole_connection_group_attribute`
--

DROP TABLE IF EXISTS `guacamole_connection_group_attribute`;
/*!40101 SET @saved_cs_client     = @@character_set_client */;
/*!50503 SET character_set_client = utf8mb4 */;
CREATE TABLE `guacamole_connection_group_attribute` (
  `connection_group_id` int NOT NULL,
  `attribute_name` varchar(128) NOT NULL,
  `attribute_value` varchar(4096) NOT NULL,
  PRIMARY KEY (`connection_group_id`,`attribute_name`),
  KEY `connection_group_id` (`connection_group_id`),
  CONSTRAINT `guacamole_connection_group_attribute_ibfk_1` FOREIGN KEY (`connection_group_id`) REFERENCES `guacamole_connection_group` (`connection_group_id`) ON DELETE CASCADE
) ENGINE=InnoDB DEFAULT CHARSET=utf8mb3;
/*!40101 SET character_set_client = @saved_cs_client */;

--
-- Dumping data for table `guacamole_connection_group_attribute`
--

LOCK TABLES `guacamole_connection_group_attribute` WRITE;
/*!40000 ALTER TABLE `guacamole_connection_group_attribute` DISABLE KEYS */;
/*!40000 ALTER TABLE `guacamole_connection_group_attribute` ENABLE KEYS */;
UNLOCK TABLES;

--
-- Table structure for table `guacamole_connection_group_permission`
--

DROP TABLE IF EXISTS `guacamole_connection_group_permission`;
/*!40101 SET @saved_cs_client     = @@character_set_client */;
/*!50503 SET character_set_client = utf8mb4 */;
CREATE TABLE `guacamole_connection_group_permission` (
  `entity_id` int NOT NULL,
  `connection_group_id` int NOT NULL,
  `permission` enum('READ','UPDATE','DELETE','ADMINISTER') NOT NULL,
  PRIMARY KEY (`entity_id`,`connection_group_id`,`permission`),
  KEY `guacamole_connection_group_permission_ibfk_1` (`connection_group_id`),
  CONSTRAINT `guacamole_connection_group_permission_entity` FOREIGN KEY (`entity_id`) REFERENCES `guacamole_entity` (`entity_id`) ON DELETE CASCADE,
  CONSTRAINT `guacamole_connection_group_permission_ibfk_1` FOREIGN KEY (`connection_group_id`) REFERENCES `guacamole_connection_group` (`connection_group_id`) ON DELETE CASCADE
) ENGINE=InnoDB DEFAULT CHARSET=utf8mb3;
/*!40101 SET character_set_client = @saved_cs_client */;

--
-- Dumping data for table `guacamole_connection_group_permission`
--

LOCK TABLES `guacamole_connection_group_permission` WRITE;
/*!40000 ALTER TABLE `guacamole_connection_group_permission` DISABLE KEYS */;
/*!40000 ALTER TABLE `guacamole_connection_group_permission` ENABLE KEYS */;
UNLOCK TABLES;

--
-- Table structure for table `guacamole_connection_history`
--

DROP TABLE IF EXISTS `guacamole_connection_history`;
/*!40101 SET @saved_cs_client     = @@character_set_client */;
/*!50503 SET character_set_client = utf8mb4 */;
CREATE TABLE `guacamole_connection_history` (
  `history_id` int NOT NULL AUTO_INCREMENT,
  `user_id` int DEFAULT NULL,
  `username` varchar(128) NOT NULL,
  `remote_host` varchar(256) DEFAULT NULL,
  `connection_id` int DEFAULT NULL,
  `connection_name` varchar(128) NOT NULL,
  `sharing_profile_id` int DEFAULT NULL,
  `sharing_profile_name` varchar(128) DEFAULT NULL,
  `start_date` datetime NOT NULL,
  `end_date` datetime DEFAULT NULL,
  PRIMARY KEY (`history_id`),
  KEY `user_id` (`user_id`),
  KEY `connection_id` (`connection_id`),
  KEY `sharing_profile_id` (`sharing_profile_id`),
  KEY `start_date` (`start_date`),
  KEY `end_date` (`end_date`),
  KEY `connection_start_date` (`connection_id`,`start_date`),
  CONSTRAINT `guacamole_connection_history_ibfk_1` FOREIGN KEY (`user_id`) REFERENCES `guacamole_user` (`user_id`) ON DELETE SET NULL,
  CONSTRAINT `guacamole_connection_history_ibfk_2` FOREIGN KEY (`connection_id`) REFERENCES `guacamole_connection` (`connection_id`) ON DELETE SET NULL,
  CONSTRAINT `guacamole_connection_history_ibfk_3` FOREIGN KEY (`sharing_profile_id`) REFERENCES `guacamole_sharing_profile` (`sharing_profile_id`) ON DELETE SET NULL
) ENGINE=InnoDB AUTO_INCREMENT=1026 DEFAULT CHARSET=utf8mb3;
/*!40101 SET character_set_client = @saved_cs_client */;

--
-- Dumping data for table `guacamole_connection_history`
--

LOCK TABLES `guacamole_connection_history` WRITE;
/*!40000 ALTER TABLE `guacamole_connection_history` DISABLE KEYS */;
/*!40000 ALTER TABLE `guacamole_connection_history` ENABLE KEYS */;
UNLOCK TABLES;

--
-- Table structure for table `guacamole_connection_parameter`
--

DROP TABLE IF EXISTS `guacamole_connection_parameter`;
/*!40101 SET @saved_cs_client     = @@character_set_client */;
/*!50503 SET character_set_client = utf8mb4 */;
CREATE TABLE `guacamole_connection_parameter` (
  `connection_id` int NOT NULL,
  `parameter_name` varchar(128) NOT NULL,
  `parameter_value` varchar(4096) NOT NULL,
  PRIMARY KEY (`connection_id`,`parameter_name`),
  CONSTRAINT `guacamole_connection_parameter_ibfk_1` FOREIGN KEY (`connection_id`) REFERENCES `guacamole_connection` (`connection_id`) ON DELETE CASCADE
) ENGINE=InnoDB DEFAULT CHARSET=utf8mb3;
/*!40101 SET character_set_client = @saved_cs_client */;

--
-- Dumping data for table `guacamole_connection_parameter`
--

LOCK TABLES `guacamole_connection_parameter` WRITE;
/*!40000 ALTER TABLE `guacamole_connection_parameter` DISABLE KEYS */;
INSERT INTO `guacamole_connection_parameter` VALUES (3,'hostname','192.168.102.1'),(3,'ignore-cert','true'),(3,'port','3389'),(3,'security','any'),(5,'hostname','192.168.102.2'),(5,'ignore-cert','true'),(5,'port','3389'),(5,'security','any'),(10,'hostname','192.168.103.1'),(10,'port','2222');
/*!40000 ALTER TABLE `guacamole_connection_parameter` ENABLE KEYS */;
UNLOCK TABLES;

--
-- Table structure for table `guacamole_connection_permission`
--

DROP TABLE IF EXISTS `guacamole_connection_permission`;
/*!40101 SET @saved_cs_client     = @@character_set_client */;
/*!50503 SET character_set_client = utf8mb4 */;
CREATE TABLE `guacamole_connection_permission` (
  `entity_id` int NOT NULL,
  `connection_id` int NOT NULL,
  `permission` enum('READ','UPDATE','DELETE','ADMINISTER') NOT NULL,
  PRIMARY KEY (`entity_id`,`connection_id`,`permission`),
  KEY `guacamole_connection_permission_ibfk_1` (`connection_id`),
  CONSTRAINT `guacamole_connection_permission_entity` FOREIGN KEY (`entity_id`) REFERENCES `guacamole_entity` (`entity_id`) ON DELETE CASCADE,
  CONSTRAINT `guacamole_connection_permission_ibfk_1` FOREIGN KEY (`connection_id`) REFERENCES `guacamole_connection` (`connection_id`) ON DELETE CASCADE
) ENGINE=InnoDB DEFAULT CHARSET=utf8mb3;
/*!40101 SET character_set_client = @saved_cs_client */;

--
-- Dumping data for table `guacamole_connection_permission`
--

LOCK TABLES `guacamole_connection_permission` WRITE;
/*!40000 ALTER TABLE `guacamole_connection_permission` DISABLE KEYS */;
INSERT INTO `guacamole_connection_permission` VALUES (1,3,'READ'),(1,3,'UPDATE'),(1,3,'DELETE'),(1,3,'ADMINISTER'),(3,3,'READ'),(5,3,'READ'),(1,5,'READ'),(1,5,'UPDATE'),(1,5,'DELETE'),(1,5,'ADMINISTER'),(3,5,'READ'),(5,5,'READ'),(1,10,'READ'),(1,10,'UPDATE'),(1,10,'DELETE'),(1,10,'ADMINISTER'),(4,10,'READ'),(5,10,'READ');
/*!40000 ALTER TABLE `guacamole_connection_permission` ENABLE KEYS */;
UNLOCK TABLES;

--
-- Table structure for table `guacamole_entity`
--

DROP TABLE IF EXISTS `guacamole_entity`;
/*!40101 SET @saved_cs_client     = @@character_set_client */;
/*!50503 SET character_set_client = utf8mb4 */;
CREATE TABLE `guacamole_entity` (
  `entity_id` int NOT NULL AUTO_INCREMENT,
  `name` varchar(128) NOT NULL,
  `type` enum('USER','USER_GROUP') NOT NULL,
  PRIMARY KEY (`entity_id`),
  UNIQUE KEY `guacamole_entity_name_scope` (`type`,`name`)
) ENGINE=InnoDB AUTO_INCREMENT=6 DEFAULT CHARSET=utf8mb3;
/*!40101 SET character_set_client = @saved_cs_client */;

--
-- Dumping data for table `guacamole_entity`
--

LOCK TABLES `guacamole_entity` WRITE;
/*!40000 ALTER TABLE `guacamole_entity` DISABLE KEYS */;
INSERT INTO `guacamole_entity` VALUES (5,'alluser','USER'),(1,'guacadmin','USER'),(3,'rdpuser','USER'),(4,'sshuser','USER');
/*!40000 ALTER TABLE `guacamole_entity` ENABLE KEYS */;
UNLOCK TABLES;

--
-- Table structure for table `guacamole_sharing_profile`
--

DROP TABLE IF EXISTS `guacamole_sharing_profile`;
/*!40101 SET @saved_cs_client     = @@character_set_client */;
/*!50503 SET character_set_client = utf8mb4 */;
CREATE TABLE `guacamole_sharing_profile` (
  `sharing_profile_id` int NOT NULL AUTO_INCREMENT,
  `sharing_profile_name` varchar(128) NOT NULL,
  `primary_connection_id` int NOT NULL,
  PRIMARY KEY (`sharing_profile_id`),
  UNIQUE KEY `sharing_profile_name_primary` (`sharing_profile_name`,`primary_connection_id`),
  KEY `guacamole_sharing_profile_ibfk_1` (`primary_connection_id`),
  CONSTRAINT `guacamole_sharing_profile_ibfk_1` FOREIGN KEY (`primary_connection_id`) REFERENCES `guacamole_connection` (`connection_id`) ON DELETE CASCADE
) ENGINE=InnoDB DEFAULT CHARSET=utf8mb3;
/*!40101 SET character_set_client = @saved_cs_client */;

--
-- Dumping data for table `guacamole_sharing_profile`
--

LOCK TABLES `guacamole_sharing_profile` WRITE;
/*!40000 ALTER TABLE `guacamole_sharing_profile` DISABLE KEYS */;
/*!40000 ALTER TABLE `guacamole_sharing_profile` ENABLE KEYS */;
UNLOCK TABLES;

--
-- Table structure for table `guacamole_sharing_profile_attribute`
--

DROP TABLE IF EXISTS `guacamole_sharing_profile_attribute`;
/*!40101 SET @saved_cs_client     = @@character_set_client */;
/*!50503 SET character_set_client = utf8mb4 */;
CREATE TABLE `guacamole_sharing_profile_attribute` (
  `sharing_profile_id` int NOT NULL,
  `attribute_name` varchar(128) NOT NULL,
  `attribute_value` varchar(4096) NOT NULL,
  PRIMARY KEY (`sharing_profile_id`,`attribute_name`),
  KEY `sharing_profile_id` (`sharing_profile_id`),
  CONSTRAINT `guacamole_sharing_profile_attribute_ibfk_1` FOREIGN KEY (`sharing_profile_id`) REFERENCES `guacamole_sharing_profile` (`sharing_profile_id`) ON DELETE CASCADE
) ENGINE=InnoDB DEFAULT CHARSET=utf8mb3;
/*!40101 SET character_set_client = @saved_cs_client */;

--
-- Dumping data for table `guacamole_sharing_profile_attribute`
--

LOCK TABLES `guacamole_sharing_profile_attribute` WRITE;
/*!40000 ALTER TABLE `guacamole_sharing_profile_attribute` DISABLE KEYS */;
/*!40000 ALTER TABLE `guacamole_sharing_profile_attribute` ENABLE KEYS */;
UNLOCK TABLES;

--
-- Table structure for table `guacamole_sharing_profile_parameter`
--

DROP TABLE IF EXISTS `guacamole_sharing_profile_parameter`;
/*!40101 SET @saved_cs_client     = @@character_set_client */;
/*!50503 SET character_set_client = utf8mb4 */;
CREATE TABLE `guacamole_sharing_profile_parameter` (
  `sharing_profile_id` int NOT NULL,
  `parameter_name` varchar(128) NOT NULL,
  `parameter_value` varchar(4096) NOT NULL,
  PRIMARY KEY (`sharing_profile_id`,`parameter_name`),
  CONSTRAINT `guacamole_sharing_profile_parameter_ibfk_1` FOREIGN KEY (`sharing_profile_id`) REFERENCES `guacamole_sharing_profile` (`sharing_profile_id`) ON DELETE CASCADE
) ENGINE=InnoDB DEFAULT CHARSET=utf8mb3;
/*!40101 SET character_set_client = @saved_cs_client */;

--
-- Dumping data for table `guacamole_sharing_profile_parameter`
--

LOCK TABLES `guacamole_sharing_profile_parameter` WRITE;
/*!40000 ALTER TABLE `guacamole_sharing_profile_parameter` DISABLE KEYS */;
/*!40000 ALTER TABLE `guacamole_sharing_profile_parameter` ENABLE KEYS */;
UNLOCK TABLES;

--
-- Table structure for table `guacamole_sharing_profile_permission`
--

DROP TABLE IF EXISTS `guacamole_sharing_profile_permission`;
/*!40101 SET @saved_cs_client     = @@character_set_client */;
/*!50503 SET character_set_client = utf8mb4 */;
CREATE TABLE `guacamole_sharing_profile_permission` (
  `entity_id` int NOT NULL,
  `sharing_profile_id` int NOT NULL,
  `permission` enum('READ','UPDATE','DELETE','ADMINISTER') NOT NULL,
  PRIMARY KEY (`entity_id`,`sharing_profile_id`,`permission`),
  KEY `guacamole_sharing_profile_permission_ibfk_1` (`sharing_profile_id`),
  CONSTRAINT `guacamole_sharing_profile_permission_entity` FOREIGN KEY (`entity_id`) REFERENCES `guacamole_entity` (`entity_id`) ON DELETE CASCADE,
  CONSTRAINT `guacamole_sharing_profile_permission_ibfk_1` FOREIGN KEY (`sharing_profile_id`) REFERENCES `guacamole_sharing_profile` (`sharing_profile_id`) ON DELETE CASCADE
) ENGINE=InnoDB DEFAULT CHARSET=utf8mb3;
/*!40101 SET character_set_client = @saved_cs_client */;

--
-- Dumping data for table `guacamole_sharing_profile_permission`
--

LOCK TABLES `guacamole_sharing_profile_permission` WRITE;
/*!40000 ALTER TABLE `guacamole_sharing_profile_permission` DISABLE KEYS */;
/*!40000 ALTER TABLE `guacamole_sharing_profile_permission` ENABLE KEYS */;
UNLOCK TABLES;

--
-- Table structure for table `guacamole_system_permission`
--

DROP TABLE IF EXISTS `guacamole_system_permission`;
/*!40101 SET @saved_cs_client     = @@character_set_client */;
/*!50503 SET character_set_client = utf8mb4 */;
CREATE TABLE `guacamole_system_permission` (
  `entity_id` int NOT NULL,
  `permission` enum('CREATE_CONNECTION','CREATE_CONNECTION_GROUP','CREATE_SHARING_PROFILE','CREATE_USER','CREATE_USER_GROUP','ADMINISTER') NOT NULL,
  PRIMARY KEY (`entity_id`,`permission`),
  CONSTRAINT `guacamole_system_permission_entity` FOREIGN KEY (`entity_id`) REFERENCES `guacamole_entity` (`entity_id`) ON DELETE CASCADE
) ENGINE=InnoDB DEFAULT CHARSET=utf8mb3;
/*!40101 SET character_set_client = @saved_cs_client */;

--
-- Dumping data for table `guacamole_system_permission`
--

LOCK TABLES `guacamole_system_permission` WRITE;
/*!40000 ALTER TABLE `guacamole_system_permission` DISABLE KEYS */;
INSERT INTO `guacamole_system_permission` VALUES (1,'CREATE_CONNECTION'),(1,'CREATE_CONNECTION_GROUP'),(1,'CREATE_SHARING_PROFILE'),(1,'CREATE_USER'),(1,'CREATE_USER_GROUP'),(1,'ADMINISTER');
/*!40000 ALTER TABLE `guacamole_system_permission` ENABLE KEYS */;
UNLOCK TABLES;

--
-- Table structure for table `guacamole_user`
--

DROP TABLE IF EXISTS `guacamole_user`;
/*!40101 SET @saved_cs_client     = @@character_set_client */;
/*!50503 SET character_set_client = utf8mb4 */;
CREATE TABLE `guacamole_user` (
  `user_id` int NOT NULL AUTO_INCREMENT,
  `entity_id` int NOT NULL,
  `password_hash` binary(32) NOT NULL,
  `password_salt` binary(32) DEFAULT NULL,
  `password_date` datetime NOT NULL,
  `disabled` tinyint(1) NOT NULL DEFAULT '0',
  `expired` tinyint(1) NOT NULL DEFAULT '0',
  `access_window_start` time DEFAULT NULL,
  `access_window_end` time DEFAULT NULL,
  `valid_from` date DEFAULT NULL,
  `valid_until` date DEFAULT NULL,
  `timezone` varchar(64) DEFAULT NULL,
  `full_name` varchar(256) DEFAULT NULL,
  `email_address` varchar(256) DEFAULT NULL,
  `organization` varchar(256) DEFAULT NULL,
  `organizational_role` varchar(256) DEFAULT NULL,
  PRIMARY KEY (`user_id`),
  UNIQUE KEY `guacamole_user_single_entity` (`entity_id`),
  CONSTRAINT `guacamole_user_entity` FOREIGN KEY (`entity_id`) REFERENCES `guacamole_entity` (`entity_id`) ON DELETE CASCADE
) ENGINE=InnoDB AUTO_INCREMENT=6 DEFAULT CHARSET=utf8mb3;
/*!40101 SET character_set_client = @saved_cs_client */;

--
-- Dumping data for table `guacamole_user`
--

LOCK TABLES `guacamole_user` WRITE;
/*!40000 ALTER TABLE `guacamole_user` DISABLE KEYS */;
INSERT INTO `guacamole_user` VALUES (1,1,UNHEX('CA458A7D494E3BE824F5E1E175A1556C0F8EEF2C2D7DF3633BEC4A29C4411960'),UNHEX('FE24ADC5E11E2B25288D1704ABE67A79E342ECC26064CE69C5B3177795A82264'),'2024-04-09 07:05:48',0,0,NULL,NULL,NULL,NULL,NULL,NULL,NULL,NULL,NULL),(3,3,UNHEX('8C209B31EDB7BE47D177377645FC71AF454CAFF08F069EC0FEB15281B3A32AE4'),UNHEX('7EE82040380449DBBD50B87E1CC35CE46CF470BCCFB0508D3465428FC249CD41'),'2024-05-30 11:27:46',0,0,NULL,NULL,NULL,NULL,NULL,NULL,NULL,NULL,NULL),(4,4,UNHEX('15CA25AE3BA17D25DA4DC60D32FD27A99AAD5DF31AA78B8967A9F17C211E4A31'),UNHEX('9729719DA22B7ACB8C470BED65B0F6472C85353E56F19B0D03068AEDDA7B5842'),'2024-05-30 11:27:56',0,0,NULL,NULL,NULL,NULL,NULL,NULL,NULL,NULL,NULL),(5,5,UNHEX('6724D94376B196DC048BA7F8A13982A0A8AA5FAD931570AFBA91D057A5394B22'),UNHEX('D2EF9E3D16AD2891E735E95471330CA10FB2FE2C6634956427A243DAE43D9037'),'2024-05-30 11:28:06',0,0,NULL,NULL,NULL,NULL,NULL,NULL,NULL,NULL,NULL);
/*!40000 ALTER TABLE `guacamole_user` ENABLE KEYS */;
UNLOCK TABLES;

--
-- Table structure for table `guacamole_user_attribute`
--

DROP TABLE IF EXISTS `guacamole_user_attribute`;
/*!40101 SET @saved_cs_client     = @@character_set_client */;
/*!50503 SET character_set_client = utf8mb4 */;
CREATE TABLE `guacamole_user_attribute` (
  `user_id` int NOT NULL,
  `attribute_name` varchar(128) NOT NULL,
  `attribute_value` varchar(4096) NOT NULL,
  PRIMARY KEY (`user_id`,`attribute_name`),
  KEY `user_id` (`user_id`),
  CONSTRAINT `guacamole_user_attribute_ibfk_1` FOREIGN KEY (`user_id`) REFERENCES `guacamole_user` (`user_id`) ON DELETE CASCADE
) ENGINE=InnoDB DEFAULT CHARSET=utf8mb3;
/*!40101 SET character_set_client = @saved_cs_client */;

--
-- Dumping data for table `guacamole_user_attribute`
--

LOCK TABLES `guacamole_user_attribute` WRITE;
/*!40000 ALTER TABLE `guacamole_user_attribute` DISABLE KEYS */;
/*!40000 ALTER TABLE `guacamole_user_attribute` ENABLE KEYS */;
UNLOCK TABLES;

--
-- Table structure for table `guacamole_user_group`
--

DROP TABLE IF EXISTS `guacamole_user_group`;
/*!40101 SET @saved_cs_client     = @@character_set_client */;
/*!50503 SET character_set_client = utf8mb4 */;
CREATE TABLE `guacamole_user_group` (
  `user_group_id` int NOT NULL AUTO_INCREMENT,
  `entity_id` int NOT NULL,
  `disabled` tinyint(1) NOT NULL DEFAULT '0',
  PRIMARY KEY (`user_group_id`),
  UNIQUE KEY `guacamole_user_group_single_entity` (`entity_id`),
  CONSTRAINT `guacamole_user_group_entity` FOREIGN KEY (`entity_id`) REFERENCES `guacamole_entity` (`entity_id`) ON DELETE CASCADE
) ENGINE=InnoDB DEFAULT CHARSET=utf8mb3;
/*!40101 SET character_set_client = @saved_cs_client */;

--
-- Dumping data for table `guacamole_user_group`
--

LOCK TABLES `guacamole_user_group` WRITE;
/*!40000 ALTER TABLE `guacamole_user_group` DISABLE KEYS */;
/*!40000 ALTER TABLE `guacamole_user_group` ENABLE KEYS */;
UNLOCK TABLES;

--
-- Table structure for table `guacamole_user_group_attribute`
--

DROP TABLE IF EXISTS `guacamole_user_group_attribute`;
/*!40101 SET @saved_cs_client     = @@character_set_client */;
/*!50503 SET character_set_client = utf8mb4 */;
CREATE TABLE `guacamole_user_group_attribute` (
  `user_group_id` int NOT NULL,
  `attribute_name` varchar(128) NOT NULL,
  `attribute_value` varchar(4096) NOT NULL,
  PRIMARY KEY (`user_group_id`,`attribute_name`),
  KEY `user_group_id` (`user_group_id`),
  CONSTRAINT `guacamole_user_group_attribute_ibfk_1` FOREIGN KEY (`user_group_id`) REFERENCES `guacamole_user_group` (`user_group_id`) ON DELETE CASCADE
) ENGINE=InnoDB DEFAULT CHARSET=utf8mb3;
/*!40101 SET character_set_client = @saved_cs_client */;

--
-- Dumping data for table `guacamole_user_group_attribute`
--

LOCK TABLES `guacamole_user_group_attribute` WRITE;
/*!40000 ALTER TABLE `guacamole_user_group_attribute` DISABLE KEYS */;
/*!40000 ALTER TABLE `guacamole_user_group_attribute` ENABLE KEYS */;
UNLOCK TABLES;

--
-- Table structure for table `guacamole_user_group_member`
--

DROP TABLE IF EXISTS `guacamole_user_group_member`;
/*!40101 SET @saved_cs_client     = @@character_set_client */;
/*!50503 SET character_set_client = utf8mb4 */;
CREATE TABLE `guacamole_user_group_member` (
  `user_group_id` int NOT NULL,
  `member_entity_id` int NOT NULL,
  PRIMARY KEY (`user_group_id`,`member_entity_id`),
  KEY `guacamole_user_group_member_entity_id` (`member_entity_id`),
  CONSTRAINT `guacamole_user_group_member_entity_id` FOREIGN KEY (`member_entity_id`) REFERENCES `guacamole_entity` (`entity_id`) ON DELETE CASCADE,
  CONSTRAINT `guacamole_user_group_member_parent_id` FOREIGN KEY (`user_group_id`) REFERENCES `guacamole_user_group` (`user_group_id`) ON DELETE CASCADE
) ENGINE=InnoDB DEFAULT CHARSET=utf8mb3;
/*!40101 SET character_set_client = @saved_cs_client */;

--
-- Dumping data for table `guacamole_user_group_member`
--

LOCK TABLES `guacamole_user_group_member` WRITE;
/*!40000 ALTER TABLE `guacamole_user_group_member` DISABLE KEYS */;
/*!40000 ALTER TABLE `guacamole_user_group_member` ENABLE KEYS */;
UNLOCK TABLES;

--
-- Table structure for table `guacamole_user_group_permission`
--

DROP TABLE IF EXISTS `guacamole_user_group_permission`;
/*!40101 SET @saved_cs_client     = @@character_set_client */;
/*!50503 SET character_set_client = utf8mb4 */;
CREATE TABLE `guacamole_user_group_permission` (
  `entity_id` int NOT NULL,
  `affected_user_group_id` int NOT NULL,
  `permission` enum('READ','UPDATE','DELETE','ADMINISTER') NOT NULL,
  PRIMARY KEY (`entity_id`,`affected_user_group_id`,`permission`),
  KEY `guacamole_user_group_permission_affected_user_group` (`affected_user_group_id`),
  CONSTRAINT `guacamole_user_group_permission_affected_user_group` FOREIGN KEY (`affected_user_group_id`) REFERENCES `guacamole_user_group` (`user_group_id`) ON DELETE CASCADE,
  CONSTRAINT `guacamole_user_group_permission_entity` FOREIGN KEY (`entity_id`) REFERENCES `guacamole_entity` (`entity_id`) ON DELETE CASCADE
) ENGINE=InnoDB DEFAULT CHARSET=utf8mb3;
/*!40101 SET character_set_client = @saved_cs_client */;

--
-- Dumping data for table `guacamole_user_group_permission`
--

LOCK TABLES `guacamole_user_group_permission` WRITE;
/*!40000 ALTER TABLE `guacamole_user_group_permission` DISABLE KEYS */;
/*!40000 ALTER TABLE `guacamole_user_group_permission` ENABLE KEYS */;
UNLOCK TABLES;

--
-- Table structure for table `guacamole_user_history`
--

DROP TABLE IF EXISTS `guacamole_user_history`;
/*!40101 SET @saved_cs_client     = @@character_set_client */;
/*!50503 SET character_set_client = utf8mb4 */;
CREATE TABLE `guacamole_user_history` (
  `history_id` int NOT NULL AUTO_INCREMENT,
  `user_id` int DEFAULT NULL,
  `username` varchar(128) NOT NULL,
  `remote_host` varchar(256) DEFAULT NULL,
  `start_date` datetime NOT NULL,
  `end_date` datetime DEFAULT NULL,
  PRIMARY KEY (`history_id`),
  KEY `user_id` (`user_id`),
  KEY `start_date` (`start_date`),
  KEY `end_date` (`end_date`),
  KEY `user_start_date` (`user_id`,`start_date`),
  CONSTRAINT `guacamole_user_history_ibfk_1` FOREIGN KEY (`user_id`) REFERENCES `guacamole_user` (`user_id`) ON DELETE SET NULL
) ENGINE=InnoDB AUTO_INCREMENT=134 DEFAULT CHARSET=utf8mb3;
/*!40101 SET character_set_client = @saved_cs_client */;

--
-- Dumping data for table `guacamole_user_history`
--

LOCK TABLES `guacamole_user_history` WRITE;
/*!40000 ALTER TABLE `guacamole_user_history` DISABLE KEYS */;
/*!40000 ALTER TABLE `guacamole_user_history` ENABLE KEYS */;
UNLOCK TABLES;

--
-- Table structure for table `guacamole_user_password_history`
--

DROP TABLE IF EXISTS `guacamole_user_password_history`;
/*!40101 SET @saved_cs_client     = @@character_set_client */;
/*!50503 SET character_set_client = utf8mb4 */;
CREATE TABLE `guacamole_user_password_history` (
  `password_history_id` int NOT NULL AUTO_INCREMENT,
  `user_id` int NOT NULL,
  `password_hash` binary(32) NOT NULL,
  `password_salt` binary(32) DEFAULT NULL,
  `password_date` datetime NOT NULL,
  PRIMARY KEY (`password_history_id`),
  KEY `user_id` (`user_id`),
  CONSTRAINT `guacamole_user_password_history_ibfk_1` FOREIGN KEY (`user_id`) REFERENCES `guacamole_user` (`user_id`) ON DELETE CASCADE
) ENGINE=InnoDB DEFAULT CHARSET=utf8mb3;
/*!40101 SET character_set_client = @saved_cs_client */;

--
-- Dumping data for table `guacamole_user_password_history`
--

LOCK TABLES `guacamole_user_password_history` WRITE;
/*!40000 ALTER TABLE `guacamole_user_password_history` DISABLE KEYS */;
/*!40000 ALTER TABLE `guacamole_user_password_history` ENABLE KEYS */;
UNLOCK TABLES;

--
-- Table structure for table `guacamole_user_permission`
--

DROP TABLE IF EXISTS `guacamole_user_permission`;
/*!40101 SET @saved_cs_client     = @@character_set_client */;
/*!50503 SET character_set_client = utf8mb4 */;
CREATE TABLE `guacamole_user_permission` (
  `entity_id` int NOT NULL,
  `affected_user_id` int NOT NULL,
  `permission` enum('READ','UPDATE','DELETE','ADMINISTER') NOT NULL,
  PRIMARY KEY (`entity_id`,`affected_user_id`,`permission`),
  KEY `guacamole_user_permission_ibfk_1` (`affected_user_id`),
  CONSTRAINT `guacamole_user_permission_entity` FOREIGN KEY (`entity_id`) REFERENCES `guacamole_entity` (`entity_id`) ON DELETE CASCADE,
  CONSTRAINT `guacamole_user_permission_ibfk_1` FOREIGN KEY (`affected_user_id`) REFERENCES `guacamole_user` (`user_id`) ON DELETE CASCADE
) ENGINE=InnoDB DEFAULT CHARSET=utf8mb3;
/*!40101 SET character_set_client = @saved_cs_client */;

--
-- Dumping data for table `guacamole_user_permission`
--

LOCK TABLES `guacamole_user_permission` WRITE;
/*!40000 ALTER TABLE `guacamole_user_permission` DISABLE KEYS */;
INSERT INTO `guacamole_user_permission` VALUES (1,1,'READ'),(1,1,'UPDATE'),(1,1,'ADMINISTER'),(1,3,'READ'),(1,3,'UPDATE'),(1,3,'DELETE'),(1,3,'ADMINISTER'),(3,3,'READ'),(1,4,'READ'),(1,4,'UPDATE'),(1,4,'DELETE'),(1,4,'ADMINISTER'),(4,4,'READ'),(1,5,'READ'),(1,5,'UPDATE'),(1,5,'DELETE'),(1,5,'ADMINISTER'),(5,5,'READ');
/*!40000 ALTER TABLE `guacamole_user_permission` ENABLE KEYS */;
UNLOCK TABLES;
/*!40103 SET TIME_ZONE=@OLD_TIME_ZONE */;

/*!40101 SET SQL_MODE=@OLD_SQL_MODE */;
/*!40014 SET FOREIGN_KEY_CHECKS=@OLD_FOREIGN_KEY_CHECKS */;
/*!40014 SET UNIQUE_CHECKS=@OLD_UNIQUE_CHECKS */;
/*!40101 SET CHARACTER_SET_CLIENT=@OLD_CHARACTER_SET_CLIENT */;
/*!40101 SET CHARACTER_SET_RESULTS=@OLD_CHARACTER_SET_RESULTS */;
/*!40101 SET COLLATION_CONNECTION=@OLD_COLLATION_CONNECTION */;
/*!40111 SET SQL_NOTES=@OLD_SQL_NOTES */;

-- Dump completed on 2024-05-30 11:28:25
